-- phpMyAdmin SQL Dump
-- version 3.5.1
-- http://www.phpmyadmin.net
--
-- Хост: 127.0.0.1
-- Время создания: Дек 20 2022 г., 22:44
-- Версия сервера: 5.5.25
-- Версия PHP: 5.3.13

SET SQL_MODE="NO_AUTO_VALUE_ON_ZERO";
SET time_zone = "+00:00";


/*!40101 SET @OLD_CHARACTER_SET_CLIENT=@@CHARACTER_SET_CLIENT */;
/*!40101 SET @OLD_CHARACTER_SET_RESULTS=@@CHARACTER_SET_RESULTS */;
/*!40101 SET @OLD_COLLATION_CONNECTION=@@COLLATION_CONNECTION */;
/*!40101 SET NAMES utf8 */;

--
-- База данных: `bilim`
--

-- --------------------------------------------------------

--
-- Структура таблицы `groups`
--

CREATE TABLE IF NOT EXISTS `groups` (
  `id` int(11) NOT NULL AUTO_INCREMENT,
  `name` varchar(255) NOT NULL,
  PRIMARY KEY (`id`)
) ENGINE=InnoDB  DEFAULT CHARSET=utf8 AUTO_INCREMENT=4 ;

--
-- Дамп данных таблицы `groups`
--

INSERT INTO `groups` (`id`, `name`) VALUES
(1, 'ИС-302'),
(2, 'ИС-304'),
(3, 'ПО-306');

-- --------------------------------------------------------

--
-- Структура таблицы `postability`
--

CREATE TABLE IF NOT EXISTS `postability` (
  `id` int(11) NOT NULL AUTO_INCREMENT,
  `student_id` int(11) NOT NULL,
  `group_id` int(11) NOT NULL,
  `value` int(11) NOT NULL,
  `date` timestamp NOT NULL DEFAULT CURRENT_TIMESTAMP,
  PRIMARY KEY (`id`)
) ENGINE=InnoDB  DEFAULT CHARSET=utf8 AUTO_INCREMENT=13 ;

--
-- Дамп данных таблицы `postability`
--

INSERT INTO `postability` (`id`, `student_id`, `group_id`, `value`, `date`) VALUES
(1, 11, 1, 0, '2018-07-21 19:00:00'),
(2, 65, 3, 0, '2018-07-21 19:00:00'),
(3, 41, 2, 1, '2018-07-21 19:00:00'),
(5, 3, 1, 1, '2018-07-21 19:00:00'),
(6, 3, 1, 1, '2018-07-21 19:00:00'),
(7, 4, 1, 1, '2018-07-21 19:00:00'),
(8, 39, 2, 0, '2018-07-21 19:00:00'),
(9, 64, 3, 1, '2018-07-21 19:00:00'),
(10, 69, 3, 1, '2018-07-21 19:00:00'),
(11, 64, 3, 1, '2018-07-21 19:00:00'),
(12, 13, 1, 0, '2018-07-02 19:00:00');

-- --------------------------------------------------------

--
-- Структура таблицы `students`
--

CREATE TABLE IF NOT EXISTS `students` (
  `id` int(11) NOT NULL AUTO_INCREMENT,
  `name` varchar(255) NOT NULL,
  `group_id` int(11) NOT NULL DEFAULT '3',
  PRIMARY KEY (`id`)
) ENGINE=InnoDB  DEFAULT CHARSET=utf8 AUTO_INCREMENT=71 ;

--
-- Дамп данных таблицы `students`
--

INSERT INTO `students` (`id`, `name`, `group_id`) VALUES
(1, 'Айбосын Нұрқанат Болатбекұлы', 1),
(2, 'Аманжан Бекзат Аманжанұлы', 1),
(3, 'Бактыгалиев Эмиль Тимурович', 1),
(4, 'Галамай Валентин Сергеевич', 1),
(5, 'Дошанова  Махаббат Маратқызы', 1),
(6, 'Жармухабет Данияр Нурланулы', 1),
(7, 'Жумагазин Жанис Серикович', 1),
(8, 'Казаев Даниил Сергеевич', 1),
(9, 'Мақым Саян Нұржанұлы', 1),
(10, 'Молдабеков Зиінбек Айбекұлы', 1),
(11, 'Носенко Алексей Григорьевич', 1),
(12, 'Нуртигенов Дамир Азаматұлы', 1),
(13, 'Нұрлан Асмир Нұрланұлы', 1),
(14, 'Олейников Руслан Владимирович', 1),
(15, 'Преснякова Дарья Сергеевна', 1),
(16, 'Прокопенко Андрей Александрович', 1),
(17, 'Сабитова Томирис Галиаскаровна', 1),
(18, 'Сағымбаев Жәнібек Нариманұлы', 1),
(19, 'Серегин Максим Витальевич', 1),
(20, 'Тенизбаев Мухаммед Жанабергенович', 1),
(21, 'Тулебаева Жанай Маратовна', 1),
(22, 'Тургунова  Гульназ Кадырбековна', 1),
(23, 'Утепбергенова Мадина Тимуровна', 1),
(24, 'Утешова Алия Ерузаккызы', 1),
(25, 'Унтилов Андрей Сергеевич', 1),
(26, 'Батырбаев Али Алмазович', 2),
(27, 'Бегимбетова Амина Сабитова', 2),
(28, 'Бекбатыров Толеген Саматулы', 2),
(29, 'Жаугашев Ратмир Маликович', 2),
(30, 'Жеткергенов Диас Медетович', 2),
(31, 'Жулдызбаев Алтынбек Ерланулы', 2),
(32, 'Загрединова Жанель Халимовна', 2),
(33, 'Ишанов Ернар Тилеккбайулы', 2),
(34, 'Каман Алиби Казбекулы', 2),
(35, 'Канторбаев Абылай Толегенович', 2),
(36, 'Кенжегалиулы Сергали', 2),
(37, 'Куканов Алихан Муратбекович', 2),
(38, 'Касымжанулы Газиз', 2),
(39, 'Куанышкали Диас Нурболатулы', 2),
(40, 'Маляр Кирилл Николаевич', 2),
(41, 'Монин Сергей Константинович', 2),
(42, 'Муратбакаев Марсель Ислямович', 2),
(43, 'Ондирис Олжас Азаматулы', 2),
(44, 'Рамхин Эдуард Владимирович', 2),
(45, 'Ростовский Платон Андреевич', 2),
(46, 'Танатар Бекзат Нурболатулы', 2),
(47, 'Тналин Руслан Кайратович', 2),
(48, 'Устабаев Каипназар Косжанулы', 2),
(49, 'Утеулиев Артур Канатович', 2),
(50, 'Арсылан Нурнияз', 3),
(51, 'Бердимуратов Кайнар', 3),
(52, 'Бактыгереев Сунгат', 3),
(53, 'Гани Назерке', 3),
(54, 'Гилеп Дмитрий', 3),
(55, 'Енсегенов Медхат', 3),
(56, 'Жаксылыкбай Алишер', 3),
(57, 'Жанболат Нурбол', 3),
(58, 'Забиров Дмитрий', 3),
(59, 'Калиев Бекзат', 3),
(60, 'Кадиралина Жансая', 3),
(61, 'Каршыга Нурлан', 3),
(62, 'Рукшнайте Данил', 3),
(63, 'Суенгариев Достан', 3),
(64, 'Сатыбалдин Али', 3),
(65, 'Сазонов Дмитрий', 3),
(66, 'Сейтжан Амантугел', 3),
(67, 'Ташанов Нурсейт', 3),
(68, 'Толмаганбет Есет', 3),
(69, 'Уразалина Раушан', 3),
(70, 'Яскеевич Никита', 3);

/*!40101 SET CHARACTER_SET_CLIENT=@OLD_CHARACTER_SET_CLIENT */;
/*!40101 SET CHARACTER_SET_RESULTS=@OLD_CHARACTER_SET_RESULTS */;
/*!40101 SET COLLATION_CONNECTION=@OLD_COLLATION_CONNECTION */;
